employee_id,total_compensation,total_base_pay,total_overtime_pay,total_bonus_pay,avg_monthly_compensation,avg_monthly_overtime,high_overtime_flag
E0001,129826.92,123030.0,5296.92,1500,5409.455,220.705,0
E0002,193853.09,185712.0,6391.09,1750,8077.212083333333,266.29541666666665,0
E0003,110592.32,102229.92,6112.29,2250,4608.013333333333,254.67875,0
E0004,118449.73,111696.0,6503.73,250,4935.4054166666665,270.98875,0
E0005,130486.87,124110.0,5126.87,1250,5436.952916666666,213.61958333333334,0
E0006,101622.84,90078.0,9544.84,2000,4234.285,397.70166666666665,1
E0007,215130.81,205540.08000000002,6840.77,2750,8963.78375,285.03208333333333,1
E0008,93352.88,86845.92,4506.9,2000,3889.7033333333334,187.7875,0
E0009,99883.06,92179.92,5703.1,2000,4161.794166666667,237.6291666666667,0
E0010,157520.06,146178.0,9342.06,2000,6563.3358333333335,389.2525,1
E0011,142521.94,133699.91999999998,5321.96,3500,5938.4141666666665,221.74833333333333,0
E0012,96151.47,88558.08,5593.5,2000,4006.31125,233.0625,0
E0013,137430.45,128964.0,5716.45,2750,5726.26875,238.18541666666667,0
E0014,121819.68,108910.08,10409.67,2500,5075.82,433.73625,1
E0015,140998.5,133908.0,5340.5,1750,5874.9375,222.52083333333334,0
E0016,131128.52,123730.08,6148.5,1250,5463.688333333333,256.1875,0
E0017,98020.89,88678.08,7342.91,2000,4084.20375,305.95458333333335,1
E0018,339714.0,330010.08,6454.0,3250,14154.75,268.9166666666667,0
E0019,125170.27,114294.0,7626.27,3250,5215.4279166666665,317.76125,1
E0020,201055.55,195097.91999999998,4957.53,1000,8377.314583333333,206.56375,0
E0021,112342.52,105252.0,5590.52,1500,4680.9383333333335,232.93833333333336,0
E0022,94761.68,86101.92,4659.65,4000,3948.403333333333,194.1520833333333,0
E0023,109205.93000000001,101545.92,5909.93,1750,4550.247083333334,246.24708333333334,0
E0024,111017.63,104622.0,4145.63,2250,4625.734583333334,172.73458333333335,0
E0025,144563.76,135928.08000000002,6635.74,2000,6023.490000000001,276.4891666666667,0
E0026,285409.98,278725.92,4933.9800000000005,1750,11892.082499999999,205.5825,0
E0027,272130.38,263578.08,6552.41,2000,11338.765833333333,273.01708333333335,0
E0028,157220.43,148309.91999999998,6660.47,2250,6550.85125,277.51958333333334,0
E0029,115572.12,107722.08,5850.1,2000,4815.505,243.7541666666667,0
E0030,126080.5,116341.92,6738.53,3000,5253.354166666667,280.77208333333334,0
E0031,130672.90000000001,120016.08,10156.91,500,5444.704166666667,423.20458333333335,1
E0032,186247.17,177666.0,6581.17,2000,7760.298750000001,274.21541666666667,0
E0033,116249.44,109008.0,5741.44,1500,4843.7266666666665,239.22666666666666,0
E0034,109838.77,100476.0,5612.77,3750,4576.6154166666665,233.86541666666668,0
E0035,104535.69,91506.0,12029.69,1000,4355.65375,501.2370833333334,1
E0036,209017.03,200370.0,4647.03,4000,8709.042916666667,193.62625,0
E0037,116755.07,103234.08,10771.07,2750,4864.794583333333,448.7945833333333,1
E0038,158949.0,150211.91999999998,6486.99,2250,6622.875,270.29125,0
E0039,174520.15,167260.08000000002,5260.14,2000,7271.672916666666,219.1725,0
E0040,151784.43,143269.91999999998,7014.44,1500,6324.35125,292.2683333333333,1
E0041,236664.5,229116.0,6048.5,1500,9861.020833333334,252.02083333333334,0
E0042,104230.14,97033.92,5196.12,2000,4342.9225,216.505,0
E0043,127666.9,119347.92,4818.9,3500,5319.454166666666,200.7875,0
E0044,202755.42,189252.0,11503.42,2000,8448.1425,479.30916666666667,1
E0045,216750.9,204661.91999999998,10838.9,1250,9031.2875,451.62083333333334,1
E0046,107526.97,99691.92,4584.97,3250,4480.290416666667,191.0404166666667,0
E0047,162448.44,155160.0,5288.44,2000,6768.685,220.35166666666666,0
E0048,212710.62,203478.0,5232.62,4000,8862.9425,218.02583333333334,0
E0049,128285.27,118414.08,6371.3,3500,5345.2195833333335,265.47083333333336,0
E0050,104018.25,94819.92,6448.22,2750,4334.09375,268.67583333333334,0
E0051,121432.29,111730.08,5952.25,3750,5059.67875,248.01041666666666,0
E0052,104473.92,97182.0,5791.92,1500,4353.08,241.33,0
E0053,249556.1,238944.0,6612.1,4000,10398.170833333334,275.50416666666666,0
E0054,126106.87,117930.0,5426.87,2750,5254.452916666666,226.11958333333334,0
E0055,122372.09,106156.08,14966.05,1250,5098.837083333333,623.5854166666667,1
E0056,109432.32,99079.92,6602.28,3750,4559.68,275.09499999999997,0
E0057,214799.99,199303.91999999998,12495.99,3000,8949.999583333332,520.66625,1
E0058,138305.65,125002.08,10803.67,2500,5762.735416666666,450.15291666666667,1
E0059,162050.02,154642.08000000002,6658.06,750,6752.0841666666665,277.4191666666667,0
E0060,261154.66,253624.08000000002,5780.6,1750,10881.444166666666,240.85833333333335,0
E0061,204045.37,197404.08000000002,4391.37,2250,8501.890416666667,182.97375,0
E0062,123071.27,114976.08,4845.26,3250,5127.9695833333335,201.88583333333335,0
E0063,104919.05,96478.08,5691.03,2750,4371.627083333334,237.12625,0
E0064,184972.7,178248.0,5474.7,1250,7707.195833333334,228.11249999999998,0
E0065,123363.12,114606.0,6007.12,2750,5140.13,250.29666666666665,0
E0066,167817.68,154128.0,10939.68,2750,6992.403333333333,455.82,1
E0067,99932.75,87972.0,7960.75,4000,4163.864583333333,331.6979166666667,1
E0068,213283.04,204322.08000000002,5211.05,3750,8886.793333333333,217.12708333333333,0
E0069,154445.26,145146.0,6049.26,3250,6435.219166666667,252.0525,0
E0070,128441.44,122023.92,4917.46,1500,5351.7266666666665,204.89416666666668,0
E0071,276698.67,269880.0,5568.67,1250,11529.11125,232.02791666666667,0
E0072,125719.32,113314.08,10655.3,1750,5238.305,443.9708333333333,1
E0073,105053.35,90112.08,13441.33,1500,4377.222916666667,560.0554166666667,1
E0074,142098.38,136633.91999999998,4464.39,1000,5920.765833333334,186.01625,0
E0075,117655.04000000001,110281.92,6123.01,1250,4902.293333333334,255.12541666666667,0
E0076,245842.93,239671.91999999998,5170.92,1000,10243.455416666666,215.455,0
E0077,121194.27,113818.08,5126.29,2250,5049.7612500000005,213.59541666666667,0
E0078,365493.29,355747.92,5995.34,3750,15228.887083333333,249.80583333333334,0
E0079,205073.76,197080.08000000002,5993.73,2000,8544.74,249.73874999999998,0
E0080,111284.93000000001,103444.08,5840.93,2000,4636.872083333334,243.37208333333334,0
E0081,165134.85,158215.91999999998,6668.87,250,6880.618750000001,277.8695833333333,0
E0082,140850.87,130552.08,6298.87,4000,5868.78625,262.4529166666667,0
E0083,123168.0,115246.08,5671.99,2250,5132.0,236.33291666666665,0
E0084,95616.59,87726.0,5890.59,2000,3984.0245833333333,245.44125,0
E0085,107015.85,96178.08,10587.84,250,4458.993750000001,441.16,1
E0086,207766.75,194250.0,11266.75,2250,8656.947916666666,469.4479166666667,1
E0087,126159.91,117856.08,6053.92,2250,5256.662916666667,252.24666666666667,0
E0088,157411.49,147940.08000000002,5721.48,3750,6558.812083333333,238.39499999999998,0
E0089,163290.77,155371.91999999998,5418.75,2500,6803.782083333333,225.78125,0
E0090,271781.79,264084.0,5447.79,2250,11324.24125,226.99125,0
E0091,107036.68,97386.0,6650.68,3000,4459.861666666667,277.1116666666667,0
E0092,228597.21,221284.08000000002,5563.23,1750,9524.883749999999,231.80124999999998,0
E0093,110653.17,103660.08,6243.13,750,4610.54875,260.1304166666667,0
E0094,164011.69,150610.08000000002,11651.710000000001,1750,6833.8204166666665,485.4879166666667,1
E0095,122499.72,116551.92,5197.71,750,5104.155,216.57125,0
E0096,125158.02,117151.92,5756.0,2250,5214.9175000000005,239.83333333333334,0
E0097,205034.85,199015.91999999998,5018.86,1000,8543.11875,209.11916666666664,0
E0098,109432.08,102676.08,4756.1,2000,4559.67,198.17083333333335,0
E0099,203356.01,196105.91999999998,5250.01,2000,8473.167083333334,218.75041666666667,0
E0100,269127.33,259327.91999999998,7049.35,2750,11213.63875,293.72291666666666,1
E0101,138617.18,129619.92,6997.150000000001,2000,5775.715833333333,291.5479166666667,1
E0102,105389.12,92800.08,9589.11,3000,4391.213333333333,399.54625000000004,1
E0103,172964.89,158653.91999999998,12810.89,1500,7206.870416666668,533.7870833333333,1
E0104,109650.73,102463.92,6936.72,250,4568.7804166666665,289.03000000000003,1
E0105,115361.95,106470.0,4891.95,4000,4806.747916666666,203.83124999999998,0
E0106,136220.38999999998,127300.08,5420.41,3500,5675.849583333333,225.85041666666666,0
E0107,218661.07,209332.08000000002,6329.09,3000,9110.877916666666,263.71208333333334,0
E0108,203140.0,191568.0,11572.0,0,8464.166666666666,482.1666666666667,1
E0109,98441.98,84232.08,11209.99,3000,4101.7491666666665,467.0829166666667,1
E0110,134754.3,127165.92,5838.3,1750,5614.7625,243.26250000000002,0
E0111,192411.37,186154.08000000002,5007.38,1250,8017.140416666666,208.64083333333335,0
E0112,90641.37,84631.92,5259.33,750,3776.7237499999997,219.13875,0
E0113,99999.05,93768.0,5731.05,500,4166.627083333334,238.79375000000002,0
E0114,346274.5,336349.92,7924.55,2000,14428.104166666666,330.18958333333336,1
E0115,214674.73,206704.08000000002,5470.71,2500,8944.780416666666,227.94625,0
E0116,216598.76,208914.0,6434.76,1250,9024.948333333334,268.115,0
E0117,132226.65,123766.08,4710.64,3750,5509.443749999999,196.27666666666667,0
E0118,96959.66,90736.08,4973.66,1250,4039.9858333333336,207.23583333333332,0
E0119,101512.23,94128.0,5384.2300000000005,2000,4229.6762499999995,224.3429166666667,0
E0120,130961.17,121602.0,6359.17,3000,5456.715416666667,264.96541666666667,0
E0121,228475.53,213508.08000000002,12467.53,2500,9519.81375,519.4804166666667,1
E0122,230384.89,222526.08000000002,6108.87,1750,9599.370416666667,254.53625,0
E0123,98634.17,91084.08,6550.15,1000,4109.757083333333,272.92291666666665,0
E0124,132524.34,124576.08,5448.37,2500,5521.8475,227.01541666666665,0
E0125,307837.04,300000.0,5587.04,2250,12826.543333333333,232.79333333333332,0
E0126,93093.55,85549.92,5043.52,2500,3878.897916666667,210.14666666666668,0
E0127,239858.64,233023.91999999998,5334.66,1500,9994.11,222.2775,0
E0128,114897.34,107011.92,6635.35,1250,4787.389166666667,276.47291666666666,0
E0129,266196.57,260281.91999999998,5664.58,250,11091.52375,236.02416666666667,0
E0130,143278.72,127117.92,12160.699999999999,4000,5969.946666666667,506.69583333333327,1
E0131,119670.59,112506.0,5664.59,1500,4986.274583333333,236.02458333333334,0
E0132,112834.19,106654.08,4930.17,1250,4701.424583333333,205.42375,0
E0133,280893.49,269455.92,6187.5,5250,11703.895416666666,257.8125,0
E0134,216130.46,208948.08000000002,6182.48,1000,9005.435833333333,257.6033333333333,0
E0135,118820.67,112908.0,5412.67,500,4950.86125,225.52791666666667,0
E0136,196935.58,184072.08000000002,11613.59,1250,8205.649166666666,483.89958333333334,1
E0137,221127.45,215824.08000000002,4053.42,1250,9213.643750000001,168.8925,0
E0138,164933.38999999998,153529.91999999998,8653.4,2750,6872.224583333333,360.55833333333334,1
E0139,179114.58,170572.08000000002,5542.58,3000,7463.107499999999,230.94083333333333,0
E0140,218072.83,208984.08000000002,5338.85,3750,9086.367916666666,222.45208333333335,0
E0141,249363.81,243528.0,3835.81,2000,10390.15875,159.82541666666665,0
E0142,136957.01,129376.08,5831.03,1750,5706.542083333334,242.9595833333333,0
E0143,143889.13,137554.08000000002,5085.139999999999,1250,5995.380416666667,211.8808333333333,0
E0144,165754.99,159028.08000000002,4226.98,2500,6906.457916666666,176.12416666666664,0
E0145,112310.55,103722.0,5838.55,2750,4679.60625,243.27291666666667,0
E0146,117442.89,103914.0,12278.89,1250,4893.45375,511.62041666666664,1
E0147,208986.07,201493.91999999998,5742.08,1750,8707.752916666666,239.25333333333333,0
E0148,112230.47,105118.08,4862.43,2250,4676.269583333334,202.60125000000002,0
E0149,201339.41,194275.91999999998,4563.39,2500,8389.142083333334,190.14125,0
E0150,165245.34,158230.08000000002,5515.33,1500,6885.2225,229.80541666666667,0
E0151,116626.59,102598.08,10528.59,3500,4859.44125,438.69125,1
E0152,157536.92,150582.0,5204.92,1750,6564.038333333334,216.87166666666667,0
E0153,202507.1,194092.08000000002,6665.09,1750,8437.795833333334,277.71208333333334,0
E0154,126876.31999999999,119656.08,5220.32,2000,5286.513333333333,217.51333333333332,0
E0155,191758.65,181138.08000000002,6870.63,3750,7989.943749999999,286.27625,1
E0156,146109.73,137160.0,5949.7300000000005,3000,6087.905416666667,247.9054166666667,0
E0157,106500.98,96742.08,6509.01,3250,4437.5408333333335,271.20875,0
E0158,188439.58,182398.08000000002,4541.56,1500,7851.649166666666,189.23166666666668,0
E0159,163203.53,152994.0,6709.53,3500,6800.147083333333,279.56374999999997,0
E0160,127379.85,111862.08,13017.82,2500,5307.493750000001,542.4091666666667,1
E0161,154939.0,143944.08000000002,6744.97,4250,6455.791666666667,281.04041666666666,0
E0162,172692.38,166330.08000000002,4362.36,2000,7195.515833333334,181.765,0
E0163,285747.91000000003,277476.0,5521.91,2750,11906.162916666668,230.07958333333332,0
E0164,151266.73,144808.08000000002,5208.74,1250,6302.780416666667,217.03083333333333,0
E0165,165223.4,159496.08000000002,4477.38,1250,6884.308333333333,186.5575,0
E0166,163745.19,157138.08000000002,5607.18,1000,6822.71625,233.63250000000002,0
E0167,129779.02,119904.0,7125.02,2750,5407.4591666666665,296.87583333333333,1
E0168,124402.68000000001,115108.08,6294.71,3000,5183.445000000001,262.27958333333333,0
E0169,233757.15,226345.91999999998,6161.16,1250,9739.88125,256.715,0
E0170,159983.57,151074.0,6159.57,2750,6665.982083333333,256.64875,0
E0171,123084.89,115075.92,5758.9,2250,5128.537083333334,239.95416666666665,0
E0172,109693.87,101806.08,5637.84,2250,4570.577916666666,234.91,0
E0173,123415.07,115279.92,6635.09,1500,5142.294583333333,276.46208333333334,0
E0174,141333.32,135102.0,5731.32,500,5888.888333333333,238.80499999999998,0
E0175,130843.52,124020.0,4573.52,2250,5451.8133333333335,190.56333333333336,0
E0176,138587.16,131683.91999999998,5153.19,1750,5774.465,214.71624999999997,0
E0177,162925.6,154080.0,5845.6,3000,6788.566666666667,243.5666666666667,0
E0178,92465.83,85279.92,4185.82,3000,3852.7429166666666,174.40916666666666,0
E0179,124905.35,115258.08,5897.37,3750,5204.389583333334,245.72375,0
E0180,248827.53,241116.0,5461.53,2250,10367.81375,227.56375,0
E0181,165730.74,158988.0,3492.74,3250,6905.447499999999,145.53083333333333,0
E0182,131980.04,124452.0,6028.04,1500,5499.168333333334,251.16833333333332,0
E0183,254181.78,247123.91999999998,4807.78,2250,10590.9075,200.32416666666666,0
E0184,314189.8,304056.0,7383.8,2750,13091.241666666667,307.65833333333336,1
E0185,102403.43,94816.08,5337.43,2250,4266.809583333333,222.39291666666668,0
E0186,127854.72,119004.0,5850.72,3000,5327.28,243.78,0
E0187,93709.35,85776.0,6183.35,1750,3904.55625,257.63958333333335,0
E0188,99484.05,92892.0,5592.05,1000,4145.16875,233.00208333333333,0
E0189,160860.58,153294.0,5566.58,2000,6702.524166666666,231.94083333333333,0
E0190,172527.67,163870.08000000002,6907.66,1750,7188.652916666667,287.81916666666666,1
E0191,115703.08,108846.0,5357.08,1500,4820.961666666667,223.21166666666667,0
E0192,123022.73,115366.08,4906.74,2750,5125.9470833333335,204.4475,0
E0193,190953.94,185350.08000000002,5103.92,500,7956.4141666666665,212.66333333333333,0
E0194,99326.62,88495.92,8080.59,2750,4138.609166666666,336.69125,1
E0195,213091.86,199428.0,9663.86,4000,8878.8275,402.66083333333336,1
E0196,272004.83999999997,262669.92,5334.83,4000,11333.534999999998,222.28458333333333,0
E0197,125480.67,118272.0,5458.67,1750,5228.36125,227.44458333333333,0
E0198,110867.83,98284.08,10583.86,2000,4619.492916666667,440.9941666666667,1
E0199,246722.4,238350.0,6872.4,1500,10280.1,286.34999999999997,1
E0200,205975.41,199015.91999999998,4709.36,2250,8582.30875,196.22333333333333,0
E0201,113192.79000000001,104383.92,6808.83,2000,4716.36625,283.70125,1
E0202,142952.18,130444.08,10258.17,2250,5956.340833333333,427.42375,1
E0203,120219.52,109993.92,7725.51,2500,5009.1466666666665,321.89625,1
E0204,123108.42,114979.92,5128.46,3000,5129.5175,213.68583333333333,0
E0205,229010.19,221830.08000000002,6430.17,750,9542.09125,267.92375,0
E0206,98837.77,91932.0,5155.7699999999995,1750,4118.2404166666665,214.82375,0
E0207,322707.91,305508.0,13199.91,4000,13446.162916666666,549.99625,1
E0208,140265.35,134284.08000000002,5231.39,750,5844.389583333334,217.97458333333336,0
E0209,115722.41,106362.0,6610.41,2750,4821.767083333333,275.43375,0
E0210,164636.03,156916.08000000002,5970.09,1750,6859.834583333333,248.75375,0
E0211,219389.55,208429.91999999998,5959.57,5000,9141.231249999999,248.31541666666666,0
E0212,101671.95,94026.0,5145.95,2500,4236.33125,214.41458333333333,0
E0213,126980.49,118192.08,5538.51,3250,5290.85375,230.77125,0
E0214,160374.73,150364.08000000002,6260.74,3750,6682.280416666667,260.8641666666667,0
E0215,147641.55,140464.08000000002,5427.51,1750,6151.73125,226.14625,0
E0216,108896.6,101587.92,6058.65,1250,4537.358333333334,252.44375,0
E0217,144887.27,128278.08,11359.22,5250,6036.969583333333,473.3008333333333,1
E0218,121858.54,114454.08,5654.56,1750,5077.439166666666,235.60666666666668,0
E0219,120089.46,108835.92,5753.46,5500,5003.7275,239.7275,0
E0220,212299.13,205768.08000000002,5281.1,1250,8845.797083333333,220.04583333333335,0
E0221,104863.87,97900.08,5963.900000000001,1000,4369.327916666666,248.49583333333337,0
E0222,135463.88,128326.08,6387.86,750,5644.328333333334,266.1608333333333,0
E0223,214988.92,207678.0,6060.92,1250,8957.871666666668,252.53833333333333,0
E0224,338948.43,327714.0,9984.43,1250,14122.85125,416.0179166666667,1
E0225,139743.74,125815.92,10677.69,3250,5822.655833333333,444.90375,1
E0226,193296.28,186384.0,5912.28,1000,8054.011666666666,246.345,0
E0227,149926.7,141199.91999999998,5976.68,2750,6246.945833333334,249.02833333333334,0
E0228,121055.44,113370.0,6435.44,1250,5043.9766666666665,268.1433333333333,0
E0229,117050.2,103282.08,11518.21,2250,4877.091666666666,479.92541666666665,1
E0230,107621.33,99943.92,5677.360000000001,2000,4484.222083333333,236.5566666666667,0
E0231,114609.87,108184.08,5425.88,1000,4775.41125,226.07833333333335,0
E0232,182823.68,172528.08000000002,5795.6900000000005,4500,7617.653333333333,241.48708333333335,0
E0233,310757.41000000003,303355.92,5901.44,1500,12948.225416666668,245.89333333333332,0
E0234,108408.99,101754.0,5404.99,1250,4517.04125,225.20791666666665,0
E0235,101962.95999999999,91906.08,6806.98,3250,4248.456666666666,283.62416666666667,0
E0236,99666.34,91834.08,5082.37,2750,4152.764166666667,211.76541666666665,0
E0237,104528.16,96132.0,5396.16,3000,4355.34,224.84,0
E0238,148191.02,141732.0,5209.02,1250,6174.625833333333,217.04250000000002,0
E0239,128038.16,118381.92,6406.18,3250,5334.923333333333,266.9241666666667,0
E0240,300161.3,285442.08,12219.27,2500,12506.720833333333,509.13625,1
E0241,129918.98,121758.0,5410.98,2750,5413.2908333333335,225.45749999999998,0
E0242,156173.28,145003.91999999998,7419.33,3750,6507.22,309.13875,1
E0243,128079.18,113572.08,13257.17,1250,5336.6325,552.3820833333333,1
E0244,99592.99,92274.0,6068.99,1250,4149.707916666667,252.87458333333333,0
E0245,276815.95,261606.0,11709.95,3500,11533.997916666667,487.9145833333334,1
E0246,147730.02,141372.0,5858.02,500,6155.4175,244.08416666666668,0
E0247,98271.47,87366.0,8405.47,2500,4094.6445833333332,350.22791666666666,1
E0248,126414.66,114282.0,10382.66,1750,5267.2775,432.61083333333335,1
E0249,160755.88999999998,147814.08000000002,10691.880000000001,2250,6698.162083333333,445.49500000000006,1
E0250,293358.08,279886.08,10972.13,2500,12223.253333333334,457.1720833333333,1
E0251,163826.05,155581.91999999998,5994.03,2250,6826.085416666666,249.75125,0
E0252,119613.37,111274.08,5589.34,2750,4983.890416666666,232.88916666666668,0
E0253,173660.16,164790.0,7120.16,1750,7235.84,296.67333333333335,1
E0254,257514.03,249048.0,6216.03,2250,10729.75125,259.00124999999997,0
E0255,273523.13,267138.0,4635.13,1750,11396.797083333333,193.13041666666666,0
E0256,157883.62,150697.91999999998,6185.65,1000,6578.484166666666,257.73541666666665,0
E0257,210999.09,203005.91999999998,4743.11,3250,8791.62875,197.62958333333333,0
E0258,106872.17,97828.08,6544.1900000000005,2500,4453.007083333333,272.6745833333334,0
E0259,138001.13,120292.08,14209.1,3500,5750.047083333334,592.0458333333333,1
E0260,281004.49,269838.0,5666.49,5500,11708.520416666666,236.10375,0
E0261,148078.91,139524.0,6054.91,2500,6169.954583333333,252.28791666666666,0
E0262,305207.36,298174.08,5283.37,1750,12716.973333333333,220.14041666666665,0
E0263,203074.0,196330.08000000002,5243.99,1500,8461.416666666666,218.49958333333333,0
E0264,122324.06,114664.08,5660.07,2000,5096.8358333333335,235.83624999999998,0
E0265,104239.91,96964.08,5275.88,2000,4343.329583333333,219.82833333333335,0
E0266,171824.51,164731.91999999998,6842.5199999999995,250,7159.354583333334,285.10499999999996,1
E0267,286338.34,278641.92,5696.37,2000,11930.764166666668,237.34875,0
E0268,208170.07,201943.91999999998,5476.1,750,8673.752916666666,228.17083333333335,0
E0269,211683.57,204016.08000000002,4667.56,3000,8820.14875,194.48166666666668,0
E0270,124129.26,118147.92,4981.27,1000,5172.0525,207.55291666666668,0
E0271,360641.58999999997,351714.0,6177.59,2750,15026.732916666666,257.39958333333334,0
E0272,130066.74,119388.0,7178.74,3500,5419.4475,299.1141666666667,1
E0273,164153.78,149191.91999999998,12711.79,2250,6839.740833333333,529.6579166666667,1
E0274,112834.09,105121.92,5712.1,2000,4701.420416666667,238.0041666666667,0
E0275,127603.29,115984.08,10119.28,1500,5316.80375,421.6366666666667,1
E0276,155920.39,148476.0,5444.39,2000,6496.682916666668,226.84958333333336,0
E0277,134735.86,127662.0,5823.86,1250,5613.994166666666,242.66083333333333,0
E0278,258641.98,251668.08000000002,4223.93,2750,10776.749166666666,175.99708333333334,0
E0279,109273.37,102228.0,5545.37,1500,4553.057083333333,231.05708333333334,0
E0280,199272.61,191599.91999999998,6172.610000000001,1500,8303.025416666665,257.19208333333336,0
E0281,192290.35,180802.08000000002,9738.33,1750,8012.097916666667,405.76375,1
E0282,111890.41,105040.08,6100.42,750,4662.100416666667,254.18416666666667,0
E0283,141661.96,131614.08000000002,6547.93,3500,5902.581666666666,272.8304166666667,0
E0284,135821.32,128887.92,5683.37,1250,5659.221666666667,236.80708333333334,0
E0285,203478.92,194808.0,6420.92,2250,8478.288333333334,267.53833333333336,0
E0286,133422.44,126540.0,4132.44,2750,5559.268333333333,172.18499999999997,0
E0287,151167.48,143724.0,5943.48,1500,6298.645,247.64499999999998,0
E0288,268243.15,261118.08000000002,4875.15,2250,11176.797916666668,203.13125,0
E0289,114170.98,96292.08,15628.960000000001,2250,4757.1241666666665,651.2066666666667,1
E0290,169336.21,159574.08000000002,6512.21,3250,7055.675416666666,271.34208333333333,0
E0291,167916.78,159805.91999999998,4610.76,3500,6996.5325,192.115,0
E0292,157437.18,145992.0,7445.18,4000,6559.8825,310.21583333333336,1
E0293,163078.23,155760.0,5318.2300000000005,2000,6794.92625,221.5929166666667,0
E0294,111797.70999999999,99682.08,10115.75,2000,4658.237916666666,421.4895833333333,1
E0295,91568.85,84895.92,5172.85,1500,3815.36875,215.5354166666667,0
E0296,114580.6,98724.0,13606.6,2250,4774.191666666667,566.9416666666667,1
E0297,100142.8,91698.0,7694.8,750,4172.616666666667,320.6166666666667,1
E0298,236230.06,228253.91999999998,6476.06,1500,9842.919166666667,269.83583333333337,0
E0299,183967.49,177228.0,5489.49,1250,7665.312083333333,228.72875,0
E0300,106365.56999999999,99972.0,5143.57,1250,4431.898749999999,214.31541666666666,0
E0301,118863.55,109138.08,6975.54,2750,4952.647916666667,290.6475,1
E0302,100256.71,92946.0,5310.71,2000,4177.362916666667,221.27958333333333,0
E0303,118807.26,111192.0,5365.26,2250,4950.3025,223.5525,0
E0304,92720.97,84168.0,5302.97,3250,3863.37375,220.95708333333334,0
E0305,154333.71,148464.0,5119.71,750,6430.57125,213.32125,0
E0306,101419.86,93738.0,6931.86,750,4225.8275,288.8275,1
E0307,139201.63,132618.0,4583.63,2000,5800.067916666667,190.98458333333335,0
E0308,248240.02,239440.08000000002,6550.04,2250,10343.334166666666,272.91833333333335,0
E0309,110765.02,99649.92,6115.0,5000,4615.2091666666665,254.79166666666666,0
E0310,215399.19,206098.08000000002,5801.21,3500,8974.96625,241.71708333333333,0
E0311,122189.61,104851.92,13587.66,3750,5091.23375,566.1525,1
E0312,141844.99,134983.91999999998,5861.0,1000,5910.207916666666,244.20833333333334,0
E0313,127258.16,119968.08,5040.16,2250,5302.423333333333,210.00666666666666,0
E0314,150339.02,142918.08000000002,6921.02,500,6264.125833333333,288.37583333333333,1
E0315,96425.1,90576.0,4349.1,1500,4017.7125,181.2125,0
E0316,196785.6,184468.08000000002,10067.55,2250,8199.4,419.48125,1
E0317,171391.13,157345.91999999998,11295.13,2750,7141.297083333334,470.63041666666663,1
E0318,104987.1,94116.0,7871.1,3000,4374.462500000001,327.96250000000003,1
E0319,139196.3,132186.0,4510.3,2500,5799.845833333333,187.92916666666667,0
E0320,97738.11,89262.0,6226.11,2250,4072.42125,259.42125,0
E0321,128407.91,118969.92,7687.9,1750,5350.329583333333,320.32916666666665,1
E0322,125817.36,115978.08,6589.38,3250,5242.39,274.5575,0
E0323,102907.62,88483.92,13173.62,1250,4287.8175,548.9008333333334,1
E0324,133750.51,128832.0,4418.51,500,5572.937916666667,184.10458333333335,0
E0325,192209.6,178440.0,13519.6,250,8008.733333333334,563.3166666666667,1
E0326,97905.55,90586.08,5569.55,1750,4079.397916666667,232.06458333333333,0
E0327,136961.7,129624.0,4587.7,2750,5706.7375,191.15416666666667,0
E0328,142601.36000000002,131257.91999999998,10843.37,500,5941.723333333334,451.80708333333337,1
E0329,116222.26,107491.92,7230.26,1500,4842.594166666667,301.2608333333333,1
E0330,131983.55,126001.92,4481.54,1500,5499.314583333333,186.73083333333332,0
E0331,162919.9,154681.91999999998,5987.87,2250,6788.329166666666,249.49458333333334,0
E0332,129090.92,121471.92,5368.92,2250,5378.788333333333,223.705,0
E0333,107680.54000000001,99781.92,5398.57,2500,4486.689166666667,224.94041666666666,0
E0334,107982.82,99216.0,5766.82,3000,4499.284166666667,240.28416666666666,0
E0335,122507.51,114118.08,6889.53,1500,5104.479583333333,287.06374999999997,1
E0336,129450.5,114490.08,12710.5,2250,5393.770833333333,529.6041666666666,1
E0337,127412.86,119820.0,5342.86,2250,5308.869166666666,222.61916666666664,0
E0338,139323.76,132646.08000000002,4677.76,2000,5805.156666666667,194.90666666666667,0
E0339,120972.86,111805.92,5416.860000000001,3750,5040.535833333333,225.70250000000001,0
E0340,306540.1,299598.0,6692.1,250,12772.504166666666,278.83750000000003,0
E0341,164870.05,156988.08000000002,5882.04,2000,6869.585416666666,245.085,0
E0342,115782.8,107524.08,4758.78,3500,4824.283333333334,198.2825,0
E0343,237048.25,228696.0,6102.25,2250,9877.010416666666,254.26041666666666,0
E0344,134659.98,127987.92,5422.02,1250,5610.8325,225.91750000000002,0
E0345,208847.88,201006.0,5341.88,2500,8701.995,222.57833333333335,0
E0346,124316.29000000001,116551.92,5764.26,2000,5179.845416666667,240.1775,0
E0347,155408.42,149784.0,4624.42,1000,6475.350833333334,192.68416666666667,0
E0348,105760.94,96460.08,5800.9800000000005,3500,4406.705833333333,241.7075,0
E0349,100964.06,92962.08,7002.05,1000,4206.8358333333335,291.75208333333336,1
E0350,96943.24,86581.92,5861.23,4500,4039.3016666666667,244.21791666666664,0
E0351,162689.29,147982.08000000002,12457.28,2250,6778.720416666667,519.0533333333334,1
E0352,96609.81,89905.92,5203.82,1500,4025.40875,216.82583333333332,0
E0353,120828.06999999999,111229.92,6348.1,3250,5034.502916666666,264.50416666666666,0
E0354,127035.47,119350.08,4935.47,2750,5293.144583333334,205.64458333333334,0
E0355,124312.5,116884.08,5178.5,2250,5179.6875,215.77083333333334,0
E0356,174742.68,166840.08000000002,5902.65,2000,7280.945,245.94375,0
E0357,167112.61,158926.08000000002,5936.59,2250,6963.025416666666,247.35791666666668,0
E0358,128972.16,114691.92,9780.14,4500,5373.84,407.5058333333333,1
E0359,206371.37,199423.91999999998,5197.37,1750,8598.807083333333,216.55708333333334,0
E0360,116598.77,110044.08,5554.79,1000,4858.2820833333335,231.44958333333332,0
E0361,210518.04,201835.91999999998,6932.05,1750,8771.585000000001,288.8354166666667,1
E0362,112829.05,101329.92,11249.06,250,4701.210416666667,468.7108333333333,1
E0363,140830.13,134154.0,5176.13,1500,5867.922083333334,215.67208333333335,0
E0364,110284.20999999999,101179.92,5354.21,3750,4595.175416666666,223.09208333333333,0
E0365,115470.3,108343.92,5876.31,1250,4811.2625,244.84625000000003,0
E0366,122321.79000000001,114898.08,6173.76,1250,5096.74125,257.24,0
E0367,179088.06,171496.08000000002,5842.07,1750,7462.0025,243.41958333333332,0
E0368,160485.95,152443.91999999998,5791.99,2250,6686.914583333334,241.33291666666665,0
E0369,163623.81,155944.08000000002,5429.8,2250,6817.65875,226.24166666666667,0
E0370,125719.58,117646.08,6323.59,1750,5238.315833333333,263.48291666666665,0
E0371,145640.7,129946.08,12944.7,2750,6068.3625,539.3625000000001,1
E0372,178336.58000000002,165385.91999999998,10700.58,2250,7430.690833333334,445.8575,1
E0373,117832.8,109470.0,5862.8,2500,4909.7,244.28333333333333,0
E0374,166927.65,158701.91999999998,5225.63,3000,6955.318749999999,217.73458333333335,0
E0375,274737.94,266982.0,4255.94,3500,11447.414166666667,177.33083333333332,0
E0376,119294.24,111187.92,5856.25,2250,4970.593333333333,244.01041666666666,0
E0377,158053.48,150346.08000000002,6207.49,1500,6585.561666666667,258.6454166666667,0
E0378,121262.91,108282.0,9980.91,3000,5052.62125,415.87125,1
E0379,131817.14,125472.0,5595.14,750,5492.380833333334,233.13083333333336,0
E0380,250464.85,238146.0,10818.85,1500,10436.035416666668,450.78541666666666,1
E0381,95880.43000000001,87967.92,7162.4,750,3995.017916666667,298.43333333333334,1
E0382,98139.28,92004.0,4885.28,1250,4089.1366666666668,203.5533333333333,0
E0383,111809.39,97900.08,11659.39,2250,4658.724583333334,485.80791666666664,1
E0384,159486.64,151398.0,6588.64,1500,6645.276666666668,274.5266666666667,0
E0385,97565.69,92251.92,5063.67,250,4065.2370833333334,210.98625,0
E0386,96694.89,88495.92,4948.92,3250,4028.95375,206.205,0
E0387,105949.97,98152.08,5797.94,2000,4414.582083333334,241.58083333333332,0
E0388,209346.46,200748.0,7098.46,1500,8722.769166666667,295.76916666666665,1
E0389,116718.31,102169.92,12798.32,1750,4863.262916666667,533.2633333333333,1
E0390,192123.03,185401.91999999998,4971.04,1750,8005.12625,207.12666666666667,0
E0391,209721.07,193321.91999999998,14649.09,1750,8738.377916666666,610.37875,1
E0392,91868.41,84972.0,5146.41,1750,3827.8504166666667,214.43375,0
E0393,113710.68000000001,105217.92,6492.7,2000,4737.945000000001,270.52916666666664,0
E0394,120249.85,113434.08,6315.9,500,5010.410416666667,263.16249999999997,0
E0395,153035.28,144475.91999999998,5059.28,3500,6376.47,210.8033333333333,0
E0396,128975.93,115210.08,12015.95,1750,5373.997083333333,500.6645833333334,1
E0397,159767.65,148906.08000000002,5861.639999999999,5000,6656.985416666666,244.23499999999999,0
E0398,104198.76,98518.08,5430.7300000000005,250,4341.615,226.2804166666667,0
E0399,271741.94,258346.08000000002,12395.92,1000,11322.580833333333,516.4966666666667,1
E0400,160668.81,152040.0,5878.81,2750,6694.53375,244.95041666666668,0
E0401,185083.41,177936.0,4897.41,2250,7711.80875,204.05875,0
E0402,163742.06,156685.91999999998,6056.07,1000,6822.5858333333335,252.33624999999998,0
E0403,130485.37,115294.08,13191.35,2000,5436.890416666666,549.6395833333333,1
E0404,206921.07,198607.91999999998,5563.04,2750,8621.71125,231.79333333333332,0
E0405,159663.95,151488.0,5675.95,2500,6652.664583333334,236.49791666666667,0
E0406,309717.66,302622.0,5595.66,1500,12904.902499999998,233.1525,0
E0407,109031.66,103326.0,3705.66,2000,4542.985833333333,154.4025,0
E0408,253782.82,246385.91999999998,5646.81,1750,10574.284166666666,235.28375000000003,0
E0409,164183.7,152905.91999999998,10027.68,1250,6840.9875,417.82,1
E0410,105353.0,98089.92,6512.99,750,4389.708333333333,271.3745833333333,0
E0411,184712.55,177118.08000000002,6094.58,1500,7696.35625,253.94083333333333,0
E0412,120596.53,111262.08,6584.49,2750,5024.855416666666,274.35375,0
E0413,142933.67,137968.08000000002,4715.67,250,5955.569583333334,196.48625,0
E0414,119286.52,108529.92,8256.539999999999,2500,4970.2716666666665,344.0225,1
E0415,191127.14,181080.0,6047.14,4000,7963.630833333334,251.96416666666667,0
E0416,108640.27,90108.0,15532.27,3000,4526.6779166666665,647.1779166666666,1
E0417,115607.26000000001,108420.0,5937.26,1250,4816.969166666667,247.38583333333335,0
E0418,122681.22,113929.92,6001.22,2750,5111.7175,250.05083333333334,0
E0419,241377.44,233206.08000000002,6671.46,1500,10057.393333333333,277.9775,0
E0420,145346.97,133171.91999999998,7924.969999999999,4250,6056.12375,330.2070833333333,1
E0421,95481.41,87370.08,5861.4,2250,3978.3920833333336,244.225,0
E0422,115008.36,104476.08,6532.32,4000,4792.015,272.18,0
E0423,124172.21,117252.0,5170.21,1750,5173.842083333334,215.42541666666668,0
E0424,122770.23,115600.08,5670.23,1500,5115.4262499999995,236.25958333333332,0
E0425,152775.51,146454.0,5321.51,1000,6365.646250000001,221.72958333333335,0
E0426,104843.31,98820.0,4523.31,1500,4368.47125,188.47125000000003,0
E0427,93116.75,85720.08,6396.76,1000,3879.8645833333335,266.5316666666667,0
E0428,108045.27,101526.0,5019.27,1500,4501.8862500000005,209.13625000000002,0
E0429,113567.17,104248.08,7319.21,2000,4731.965416666667,304.96708333333333,1
E0430,116145.44,110400.0,4745.44,1000,4839.393333333333,197.72666666666666,0
E0431,199839.53,193078.08000000002,3761.54,3000,8326.647083333333,156.73083333333332,0
E0432,167490.43,158560.08000000002,5680.38,3250,6978.767916666667,236.6825,0
E0433,173243.89,158896.08000000002,11847.84,2500,7218.495416666668,493.66,1
E0434,120248.14,111514.08,5234.17,3500,5010.339166666667,218.09041666666667,0
E0435,244579.25,238501.91999999998,5077.23,1000,10190.802083333334,211.55124999999998,0
E0436,155290.76,147196.08000000002,5844.77,2250,6470.448333333334,243.53208333333336,0
E0437,134115.19,120196.08,8169.18,5750,5588.1329166666665,340.3825,1
E0438,99767.42,89346.0,9921.42,500,4156.975833333333,413.3925,1
E0439,182759.51,177787.91999999998,4471.5199999999995,500,7614.979583333334,186.3133333333333,0
E0440,118769.61,111142.08,4127.59,3500,4948.73375,171.98291666666668,0
E0441,99684.41,91458.0,6476.41,1750,4153.517083333333,269.85041666666666,0
E0442,115239.35,102562.08,9927.4,2750,4801.639583333334,413.64166666666665,1
E0443,189412.30000000002,181890.0,5772.3,1750,7892.179166666668,240.51250000000002,0
E0444,160180.44,152976.0,5704.44,1500,6674.185,237.68499999999997,0
E0445,93983.84,87589.92,4643.81,1750,3915.9933333333333,193.49208333333334,0
E0446,171456.77,163842.0,5864.77,1750,7144.032083333333,244.36541666666668,0
E0447,176842.54,168967.91999999998,6124.52,1750,7368.439166666667,255.18833333333336,0
E0448,197636.7,182596.08000000002,13040.71,2000,8234.862500000001,543.3629166666666,1
E0449,99800.33,92466.0,5584.33,1750,4158.347083333333,232.68041666666667,0
E0450,107391.83,99079.92,5561.81,2750,4474.659583333333,231.74208333333334,0
E0451,115922.87,107209.92,6212.9,2500,4830.119583333333,258.87083333333334,0
E0452,93445.57,86772.0,4673.57,2000,3893.565416666667,194.73208333333332,0
E0453,122120.84,115102.08,5268.81,1750,5088.368333333333,219.53375000000003,0
E0454,185675.83,178132.08000000002,6043.83,1500,7736.492916666666,251.82625,0
E0455,117502.78,111372.0,4880.78,1250,4895.949166666666,203.3658333333333,0
E0456,119346.91,111366.0,5980.91,2000,4972.787916666667,249.20458333333332,0
E0457,160851.81,150508.08000000002,5843.75,4500,6702.15875,243.48958333333334,0
E0458,128601.42,115774.08,7577.42,5250,5358.3925,315.72583333333336,1
E0459,120435.9,112552.08,5633.9,2250,5018.162499999999,234.7458333333333,0
E0460,164260.76,155154.0,6356.76,2750,6844.198333333334,264.865,0
E0461,242028.47,234499.91999999998,5528.53,2000,10084.519583333333,230.35541666666666,0
E0462,209414.19,200010.0,7154.1900000000005,2250,8725.59125,298.09125,1
E0463,159212.69,144772.08000000002,13440.71,1000,6633.862083333333,560.0295833333333,1
E0464,114503.48,107008.08,5495.47,2000,4770.9783333333335,228.9779166666667,0
E0465,133241.55,125484.0,5757.55,2000,5551.73125,239.89791666666667,0
E0466,104349.23,96928.08,6421.23,1000,4347.8845833333335,267.55125,0
E0467,367500.34,359641.92,4858.3099999999995,3000,15312.514166666668,202.4295833333333,0
E0468,112400.39,95608.08,12792.37,4000,4683.349583333334,533.0154166666667,1
E0469,123043.1,114403.92,6889.13,1750,5126.795833333334,287.0470833333333,1
E0470,121711.21,113418.0,6543.21,1750,5071.300416666667,272.63375,0
E0471,114454.2,105180.0,7024.2,2250,4768.925,292.675,1
E0472,168557.65,159892.08000000002,5665.65,3000,7023.235416666666,236.06875,0
E0473,121306.25,112980.0,6326.25,2000,5054.427083333333,263.59375,0
E0474,94430.37,87679.92,6000.36,750,3934.5987499999997,250.015,0
E0475,243695.41,230683.91999999998,10761.39,2250,10153.975416666666,448.39124999999996,1
E0476,126965.48,113728.08,10237.51,3000,5290.2283333333335,426.5629166666667,1
E0477,104237.98,89916.0,11321.98,3000,4343.2491666666665,471.74916666666667,1
E0478,141106.56,135196.08000000002,5910.54,0,5879.44,246.2725,0
E0479,166275.88999999998,158424.0,6601.89,1250,6928.162083333333,275.07875,0
E0480,103388.43,96336.0,5302.43,1750,4307.85125,220.93458333333334,0
E0481,126008.99,116856.0,5402.99,3750,5250.374583333333,225.12458333333333,0
E0482,98246.52,90781.92,5214.5,2250,4093.605,217.27083333333334,0
E0483,96482.33,89526.0,5706.33,1250,4020.0970833333336,237.76375,0
E0484,162305.59,152563.91999999998,6491.6,3250,6762.732916666667,270.48333333333335,0
E0485,149017.12,138796.08000000002,6471.11,3750,6209.046666666666,269.6295833333333,0
E0486,168693.83,160402.08000000002,5291.84,3000,7028.909583333333,220.49333333333334,0
E0487,181026.2,175387.91999999998,4888.1900000000005,750,7542.758333333334,203.67458333333335,0
E0488,96726.49,87430.08,4796.49,4500,4030.2704166666667,199.85375,0
E0489,139985.61,131929.91999999998,7805.6,250,5832.733749999999,325.23333333333335,1
E0490,161049.18,146566.08000000002,12483.17,2000,6710.3825,520.1320833333333,1
E0491,107138.71,100513.92,4374.72,2250,4464.112916666667,182.28,0
E0492,101419.95,93853.92,4815.97,2750,4225.83125,200.6654166666667,0
E0493,202588.6,193489.91999999998,5598.6,3500,8441.191666666668,233.275,0
E0494,198967.73,192994.08000000002,5473.73,500,8290.322083333334,228.07208333333332,0
E0495,101523.23999999999,92449.92,5073.2,4000,4230.134999999999,211.38333333333333,0
E0496,187741.12,170287.91999999998,12203.1,5250,7822.546666666666,508.46250000000003,1
E0497,111638.3,105526.08,5612.2699999999995,500,4651.595833333334,233.8445833333333,0
E0498,167486.63,156060.0,8426.63,3000,6978.609583333334,351.1095833333333,1
E0499,265496.72000000003,258994.08000000002,4752.73,1750,11062.363333333335,198.03041666666664,0
E0500,323147.02,315496.08,6401.0,1250,13464.459166666667,266.7083333333333,0
E0501,119316.66,107761.92,9804.630000000001,1750,4971.5275,408.52625000000006,1
E0502,243833.99,234790.08000000002,6544.0,2500,10159.749583333332,272.6666666666667,0
E0503,172019.04,164845.91999999998,5173.08,2000,7167.46,215.545,0
E0504,185456.36000000002,169384.08000000002,13072.36,3000,7727.348333333334,544.6816666666667,1
E0505,126596.57,119374.08,5722.599999999999,1500,5274.857083333333,238.44166666666663,0
E0506,96721.62,86472.0,6999.62,3250,4030.0674999999997,291.6508333333333,1
E0507,215759.92,207175.91999999998,5083.92,3500,8989.996666666668,211.83,0
E0508,167408.91999999998,160632.0,6026.92,750,6975.371666666666,251.12166666666667,0
E0509,103663.6,94848.0,5815.6,3000,4319.316666666667,242.3166666666667,0
E0510,259341.72,243852.0,12489.72,3000,10805.905,520.405,1
E0511,175235.84,165565.91999999998,5419.86,4250,7301.493333333333,225.8275,0
E0512,239089.18,227346.0,6993.18,4750,9962.049166666666,291.3825,1
E0513,228700.02,220669.91999999998,5530.01,2500,9529.1675,230.41708333333335,0
E0514,261187.63,251473.91999999998,6463.65,3250,10882.817916666667,269.31874999999997,0
E0515,120011.99,112873.92,5888.01,1250,5000.499583333333,245.33375,0
E0516,123439.54,116958.0,3731.54,2750,5143.314166666666,155.48083333333332,0
E0517,103733.58,97086.0,5897.58,750,4322.2325,245.7325,0
E0518,108899.84,100384.08,5515.84,3000,4537.493333333333,229.82666666666668,0
E0519,117265.37,108325.92,5689.36,3250,4886.057083333333,237.05666666666664,0
E0520,125991.81,117810.0,4931.81,3250,5249.65875,205.49208333333334,0
E0521,122890.35,115495.92,6644.33,750,5120.431250000001,276.84708333333333,0
E0522,120562.03,113446.08,6116.02,1000,5023.417916666666,254.83416666666668,0
E0523,254259.78,247339.91999999998,4419.76,2500,10594.1575,184.15666666666667,0
E0524,114960.34,106909.92,5550.29,2500,4790.014166666667,231.26208333333332,0
E0525,203067.61,196980.0,5587.61,500,8461.150416666665,232.81708333333333,0
E0526,230370.63,220902.0,6468.63,3000,9598.77625,269.52625,0
E0527,226102.13,219430.08000000002,6172.14,500,9420.922083333333,257.1725,0
E0528,367699.25,353676.0,11523.25,2500,15320.802083333334,480.1354166666667,1
E0529,167216.73,159016.08000000002,6200.74,2000,6967.36375,258.3641666666667,0
E0530,161515.8,155616.0,5149.8,750,6729.825,214.57500000000002,0
E0531,259430.45,251485.91999999998,4444.41,3500,10809.602083333333,185.18375,0
E0532,222182.96,209365.91999999998,10816.98,2000,9257.623333333333,450.7075,1
E0533,131952.66,124132.08,5570.64,2250,5498.0275,232.11,0
E0534,125660.22,118588.08,5322.21,1750,5235.8425,221.75875,0
E0535,134463.79,125572.08,6641.77,2250,5602.657916666667,276.7404166666667,0
E0536,111566.43,99625.92,10440.43,1500,4648.60125,435.0179166666667,1
E0537,120395.5,113956.08,5689.54,750,5016.479166666667,237.06416666666667,0
E0538,346986.92,338214.0,5522.92,3250,14457.788333333332,230.12166666666667,0
E0539,151248.79,143773.91999999998,4724.8,2750,6302.032916666667,196.86666666666667,0
E0540,101875.95,93408.0,6467.95,2000,4244.83125,269.49791666666664,0
E0541,205378.67,190291.91999999998,11086.67,4000,8557.444583333334,461.94458333333336,1
E0542,145603.65,137299.91999999998,4553.68,3750,6066.818749999999,189.73666666666668,0
E0543,209403.02000000002,201220.08000000002,5683.04,2500,8725.125833333334,236.79333333333332,0
E0544,157759.13,144474.0,10035.13,3250,6573.297083333334,418.13041666666663,1
E0545,343005.53,332632.08,6623.52,3750,14291.897083333335,275.98,0
E0546,205401.66,195706.08000000002,7695.67,2000,8558.4025,320.65291666666667,1
E0547,135843.21,126622.08,5971.18,3250,5660.13375,248.79916666666668,0
E0548,95289.49,88426.08,5113.52,1750,3970.3954166666667,213.06333333333336,0
E0549,98678.2,90792.0,5636.2,2250,4111.591666666666,234.84166666666667,0
E0550,207368.58000000002,199588.08000000002,6280.58,1500,8640.3575,261.69083333333333,0
E0551,125083.06999999999,107088.0,15995.07,2000,5211.794583333333,666.46125,1
E0552,218602.91,212947.91999999998,4904.9400000000005,750,9108.454583333334,204.37250000000003,0
E0553,360643.98,351145.92,6747.96,2750,15026.832499999999,281.165,0
E0554,125191.07,118836.0,5855.07,500,5216.294583333333,243.96124999999998,0
E0555,160249.29,152422.08000000002,6327.3,1500,6677.05375,263.6375,0
E0556,213639.06,201846.0,10293.06,1500,8901.6275,428.8775,1
E0557,114035.49,104320.08,5215.52,4500,4751.47875,217.31333333333336,0
E0558,148952.29,141024.0,5928.29,2000,6206.345416666667,247.01208333333332,0
E0559,103834.05,96523.92,6560.06,750,4326.41875,273.33583333333337,0
E0560,120446.95,105751.92,12944.93,1750,5018.622916666666,539.3720833333333,1
E0561,254889.08,247272.0,5617.08,2000,10620.378333333332,234.045,0
E0562,256139.57,247636.08000000002,5253.62,3250,10672.482083333334,218.90083333333334,0
E0563,169402.51,162241.91999999998,5910.49,1250,7058.437916666667,246.27041666666665,0
E0564,115303.98,108073.92,5979.96,1250,4804.3324999999995,249.165,0
E0565,123164.6,115414.08,5500.57,2250,5131.858333333334,229.19041666666666,0
E0566,193273.1,178219.91999999998,10803.09,4250,8053.045833333334,450.12875,1
E0567,110634.25,103252.08,5882.26,1500,4609.760416666667,245.09416666666667,0
E0568,183269.44,171490.08000000002,10529.43,1250,7636.2266666666665,438.72625,1
E0569,255416.37,248446.08000000002,4720.349999999999,2250,10642.34875,196.68124999999998,0
E0570,129483.09,120919.92,6813.04,1750,5395.12875,283.87666666666667,1
E0571,185663.44,179302.08000000002,4361.48,2000,7735.9766666666665,181.72833333333332,0
E0572,197743.95,190294.08000000002,5199.98,2250,8239.331250000001,216.66583333333332,0
E0573,94674.55,87757.92,4416.55,2500,3944.772916666667,184.02291666666667,0
E0574,184513.23,176620.08000000002,5893.23,2000,7688.05125,245.55124999999998,0
E0575,219359.9,210967.91999999998,6391.9,2000,9139.995833333332,266.32916666666665,0
E0576,213040.27000000002,205618.08000000002,5672.26,1750,8876.677916666667,236.34416666666667,0
E0577,161100.31,152280.0,5820.31,3000,6712.512916666667,242.51291666666668,0
E0578,162340.3,152280.0,6310.3,3750,6764.179166666666,262.9291666666667,0
E0579,93829.67,86122.08,5957.66,1750,3909.5695833333334,248.23583333333332,0
E0580,256087.3,248971.91999999998,4865.2699999999995,2250,10670.304166666667,202.7195833333333,0
E0581,185689.5,179094.0,5595.5,1000,7737.0625,233.14583333333334,0
E0582,100167.89,93022.08,5895.92,1250,4173.662083333334,245.66333333333333,0
E0583,111935.34,104602.08,5833.31,1500,4663.9725,243.05458333333334,0
E0584,164167.55,157434.0,4483.55,2250,6840.314583333333,186.81458333333333,0
E0585,122360.28,116704.08,4906.2699999999995,750,5098.345,204.42791666666665,0
E0586,125663.49,117715.92,4697.47,3250,5235.97875,195.7279166666667,0
E0587,145579.12,139246.08000000002,5583.1,750,6065.796666666666,232.6291666666667,0
E0588,162232.98,155479.91999999998,5502.9800000000005,1250,6759.7075,229.29083333333335,0
E0589,165535.14,158035.91999999998,5999.15,1500,6897.297500000001,249.9645833333333,0
E0590,166491.47,161314.08000000002,4427.47,750,6937.144583333334,184.4779166666667,0
E0591,279410.74,271506.0,4904.74,3000,11642.114166666666,204.36416666666665,0
E0592,163092.62,153766.08000000002,6326.58,3000,6795.525833333333,263.6075,0
E0593,135322.31,119530.08,13042.31,2750,5638.4295833333335,543.4295833333333,1
E0594,205006.52,196648.08000000002,7108.53,1250,8541.938333333334,296.18874999999997,1
E0595,102491.37,95407.92,5833.36,1250,4270.47375,243.05666666666664,0
E0596,106400.63,98694.0,5206.63,2500,4433.359583333334,216.94291666666666,0
E0597,108684.53,99514.08,5670.49,3500,4528.522083333333,236.27041666666665,0
E0598,118070.22,107650.08,8670.2,1750,4919.5925,361.2583333333334,1
E0599,329745.56,321262.08,7483.549999999999,1000,13739.398333333333,311.8145833333333,1
E0600,197641.78,190104.0,6287.78,1250,8235.074166666667,261.99083333333334,0
E0601,183795.97,170268.0,12027.97,1500,7658.165416666667,501.16541666666666,1
E0602,124687.7,115368.0,6069.7,3250,5195.320833333333,252.90416666666667,0
E0603,155299.34,147676.08000000002,6123.39,1500,6470.805833333333,255.14125,0
E0604,200478.97,192096.0,5882.969999999999,2500,8353.290416666667,245.12374999999997,0
E0605,125562.51000000001,117904.08,5908.5,1750,5231.771250000001,246.1875,0
E0606,162408.01,151927.91999999998,5980.04,4500,6767.000416666667,249.16833333333332,0
E0607,117646.02,112351.92,4544.0599999999995,750,4901.9175000000005,189.3358333333333,0
E0608,198102.68,183954.0,11398.68,2750,8254.278333333334,474.945,1
E0609,100950.81,94614.0,5086.81,1250,4206.28375,211.95041666666668,0
E0610,181427.52,172675.91999999998,7251.5,1500,7559.48,302.1458333333333,1
E0611,279405.83,270336.0,7569.83,1500,11641.909583333334,315.40958333333333,1
E0612,155339.26,146098.08000000002,6491.26,2750,6472.469166666667,270.4691666666667,0
E0613,137692.59,129844.08,6098.54,1750,5737.19125,254.10583333333332,0
E0614,155272.08,142936.08000000002,10586.11,1750,6469.669999999999,441.0879166666667,1
E0615,344832.19,336106.08,6226.18,2500,14368.007916666667,259.4241666666667,0
E0616,275519.3,269316.0,5453.3,750,11479.970833333333,227.22083333333333,0
E0617,97578.47,85858.08,10470.49,1250,4065.7695833333332,436.2704166666667,1
E0618,208394.41999999998,200527.91999999998,6616.38,1250,8683.100833333332,275.6825,0
E0619,225222.14,217630.08000000002,5592.14,2000,9384.255833333335,233.00583333333336,0
E0620,349966.87,341016.0,5700.87,3250,14581.952916666667,237.53625,0
E0621,268553.21,261508.08000000002,5045.24,2000,11189.717083333335,210.21833333333333,0
E0622,189485.59,181650.0,6085.59,1750,7895.232916666667,253.56625,0
E0623,179559.88,169492.08000000002,6817.89,3250,7481.661666666667,284.07875,1
E0624,95070.09,87925.92,6144.03,1000,3961.25375,256.00124999999997,0
E0625,261305.22,253470.0,5585.22,2250,10887.7175,232.7175,0
E0626,196607.03,189757.91999999998,5599.05,1250,8191.959583333333,233.29375000000002,0
E0627,113424.77,104926.08,6748.75,1750,4726.0320833333335,281.1979166666667,0
E0628,166485.93,158568.0,5167.93,2750,6936.91375,215.33041666666668,0
E0629,96753.75,90958.08,4795.72,1000,4031.40625,199.8216666666667,0
E0630,99208.27,92028.0,5680.27,1500,4133.6779166666665,236.67791666666668,0
E0631,99638.56,93232.08,5656.63,750,4151.606666666667,235.69291666666666,0
E0632,116615.99,109174.08,4692.01,2750,4858.999583333333,195.50041666666667,0
E0633,107407.88,100270.08,5637.9,1500,4475.328333333334,234.9125,0
E0634,155514.16999999998,147858.0,5656.17,2000,6479.757083333333,235.67375,0
E0635,127557.94,120442.08,4365.97,2750,5314.9141666666665,181.9154166666667,0
E0636,192798.37,182686.08000000002,6362.4,3750,8033.265416666666,265.09999999999997,0
E0637,160180.15,151518.0,6412.150000000001,2250,6674.172916666666,267.1729166666667,0
E0638,146796.77,139963.91999999998,5582.79,1250,6116.532083333333,232.61625,0
E0639,113711.57,107125.92,4335.54,2250,4737.982083333333,180.6475,0
E0640,123684.78,116431.92,6502.78,750,5153.5325,270.94916666666666,0
E0641,148055.32,140839.91999999998,5215.31,2000,6168.971666666667,217.30458333333334,0
E0642,131727.89,117043.92,12183.9,2500,5488.662083333334,507.66249999999997,1
E0643,118369.40000000001,107970.0,8149.4,2250,4932.058333333333,339.55833333333334,1
E0644,94634.7,86964.0,4170.7,3500,3943.1124999999997,173.77916666666667,0
E0645,104407.13,96756.0,5651.13,2000,4350.297083333334,235.46375,0
E0646,122211.12,114817.92,5643.12,1750,5092.13,235.13,0
E0647,155094.03,146034.0,5810.03,3250,6462.25125,242.0845833333333,0
E0648,198020.1,190044.0,5976.1,2000,8250.8375,249.0041666666667,0
E0649,124530.42,109813.92,10716.44,4000,5188.7675,446.5183333333334,1
E0650,139853.18,133960.08000000002,5643.16,250,5827.215833333333,235.13166666666666,0
E0651,125590.07,117364.08,5976.09,2250,5232.919583333333,249.00375,0
E0652,104832.91,86968.08,14614.91,3250,4368.037916666667,608.9545833333333,1
E0653,179340.84,171826.08000000002,4764.85,2750,7472.535,198.5354166666667,0
E0654,188891.19,179947.91999999998,6193.19,2750,7870.46625,258.0495833333333,0
E0655,100714.96,93160.08,6304.98,1250,4196.456666666667,262.7075,0
E0656,102535.03,94648.08,5637.01,2250,4272.292916666666,234.87541666666667,0
E0657,138064.62,129610.08,6454.61,2000,5752.6925,268.9420833333333,0
E0658,148924.13,143404.08000000002,4770.13,750,6205.172083333334,198.75541666666666,0
E0659,154119.55,146890.08000000002,6729.53,500,6421.647916666666,280.39708333333334,0
E0660,120222.91,108139.92,10582.91,1500,5009.287916666667,440.95458333333335,1
E0661,126628.65,111298.08,11330.67,4000,5276.193749999999,472.11125,1
E0662,201586.89,193492.08000000002,6094.86,2000,8399.45375,253.9525,0
E0663,353263.3,345928.08,6835.3,500,14719.304166666667,284.8041666666667,1
E0664,105666.81,98911.92,6504.76,250,4402.78375,271.0316666666667,0
E0665,191916.08,181486.08000000002,8180.04,2250,7996.503333333333,340.835,1
E0666,164886.06,157261.91999999998,5624.0599999999995,2000,6870.2525,234.3358333333333,0
E0667,107625.02,99871.92,6253.0,1500,4484.3758333333335,260.5416666666667,0
E0668,282430.5,274404.0,5526.5,2500,11767.9375,230.27083333333334,0
E0669,111692.62,104557.92,4634.62,2500,4653.859166666666,193.10916666666665,0
E0670,105820.36,97362.0,7458.36,1000,4409.181666666666,310.765,1
E0671,123074.56,114906.0,6418.5599999999995,1750,5128.106666666667,267.44,0
E0672,205993.14,198162.0,5831.14,2000,8583.0475,242.96416666666667,0
E0673,169511.98,163588.08000000002,4173.9800000000005,1750,7062.999166666667,173.91583333333335,0
E0674,124370.31,115350.0,7020.31,2000,5182.09625,292.5129166666667,1
E0675,291562.6,282697.92,4864.58,4000,12148.441666666666,202.69083333333333,0
E0676,267548.31,261600.0,3948.31,2000,11147.84625,164.51291666666665,0
E0677,161088.38,154612.08000000002,5476.37,1000,6712.015833333334,228.18208333333334,0
E0678,156609.27,149980.08000000002,5129.29,1500,6525.38625,213.72041666666667,0
E0679,234568.76,226567.91999999998,5500.74,2500,9773.698333333334,229.1975,0
E0680,111451.54,103504.08,5447.54,2500,4643.814166666666,226.98083333333332,0
E0681,229478.52,217168.08000000002,6810.51,5500,9561.605,283.77125,1
E0682,139960.68,130776.0,6184.68,3000,5831.695,257.695,0
E0683,211678.16,202126.08000000002,5802.18,3750,8819.923333333334,241.75750000000002,0
E0684,164492.87,157986.0,5006.87,1500,6853.869583333333,208.61958333333334,0
E0685,117528.79,108882.0,5646.79,3000,4897.032916666666,235.28291666666667,0
E0686,286515.74,279198.0,5067.74,2250,11938.155833333332,211.15583333333333,0
E0687,208694.94,200358.0,6836.94,1500,8695.6225,284.8725,1
E0688,107740.32,100806.0,4684.32,2250,4489.18,195.17999999999998,0
E0689,129068.44,123241.92,5326.48,500,5377.8516666666665,221.93666666666664,0
E0690,155452.74,146832.0,6620.74,2000,6477.197499999999,275.8641666666667,0
E0691,99910.49,91158.0,5752.49,3000,4162.937083333333,239.68708333333333,0
E0692,301525.02,291361.92,6163.02,4000,12563.542500000001,256.7925,0
E0693,216969.21,209322.0,5897.21,1750,9040.383749999999,245.71708333333333,0
E0694,173751.17,165258.0,5993.17,2500,7239.632083333334,249.71541666666667,0
E0695,312096.64,303292.08,6804.61,2000,13004.026666666667,283.5254166666667,0
E0696,106306.09,93007.92,13048.08,250,4429.420416666667,543.67,1
E0697,118262.81,110665.92,4846.79,2750,4927.6170833333335,201.94958333333332,0
E0698,106856.61,97069.92,7286.58,2500,4452.35875,303.6075,1
E0699,136972.26,128704.08,6018.24,2250,5707.177500000001,250.76,0
E0700,163761.9,152748.0,9263.9,1750,6823.412499999999,385.99583333333334,1
E0701,94008.28,86443.92,5314.27,2250,3917.0116666666668,221.42791666666668,0
E0702,106393.62,95520.0,7123.62,3750,4433.0675,296.8175,1
E0703,208923.01,201637.91999999998,5535.0199999999995,1750,8705.125416666668,230.6258333333333,0
E0704,216375.25,207166.08000000002,6459.23,2750,9015.635416666666,269.1345833333333,0
E0705,122125.89,110605.92,9519.92,2000,5088.57875,396.66333333333336,1
E0706,96244.88,91032.0,3962.88,1250,4010.2033333333334,165.12,0
E0707,121001.25,113776.08,5725.28,1500,5041.71875,238.5533333333333,0
E0708,149314.68,142368.0,6446.68,500,6221.445,268.6116666666667,0
E0709,122749.39,114672.0,6577.39,1500,5114.557916666667,274.0579166666667,0
E0710,145256.3,131670.0,11586.3,2000,6052.345833333333,482.7625,1
E0711,108855.48,100860.0,5995.48,2000,4535.6449999999995,249.81166666666664,0
E0712,117313.08,106092.0,9221.08,2000,4888.045,384.21166666666664,1
E0713,354922.72000000003,348394.08,4278.68,2250,14788.446666666669,178.27833333333334,0
E0714,119662.63,110574.0,6088.63,3000,4985.942916666667,253.69291666666666,0
E0715,141002.85,131490.0,5012.849999999999,4500,5875.118750000001,208.86874999999998,0
E0716,124802.28,116250.0,5552.28,3000,5200.095,231.345,0
E0717,141930.17,131206.08000000002,6474.18,4250,5913.757083333334,269.7575,0
E0718,115250.69,101089.92,11160.72,3000,4802.112083333333,465.03,1
E0719,111497.7,101496.0,7001.7,3000,4645.7375,291.7375,1
E0720,91960.26,84748.08,5462.26,1750,3831.6775,227.59416666666667,0
E0721,360268.07,350802.0,6466.07,3000,15011.169583333334,269.4195833333333,0
E0722,163945.72,157746.0,5699.72,500,6831.071666666667,237.48833333333334,0
E0723,250121.77,243138.0,5983.7699999999995,1000,10421.740416666666,249.32375,0
E0724,207056.13,200452.08000000002,5854.07,750,8627.33875,243.91958333333332,0
E0725,244470.93,228670.08000000002,10800.91,5000,10186.28875,450.03791666666666,1
E0726,132032.71,124360.08,4922.73,2750,5501.362916666666,205.11374999999998,0
E0727,219674.9,210078.0,7096.9,2500,9153.120833333332,295.70416666666665,1
E0728,115178.3,108484.08,5444.28,1250,4799.095833333334,226.845,0
E0729,216045.85,209820.0,4975.85,1250,9001.910416666668,207.32708333333335,0
E0730,103976.56999999999,98311.92,4414.58,1250,4332.357083333333,183.94083333333333,0
E0731,165754.06,159462.0,4292.06,2000,6906.419166666667,178.83583333333334,0
E0732,118289.8,113278.08,3511.78,1500,4928.741666666667,146.32416666666668,0
E0733,276734.34,270235.92,5498.33,1000,11530.597500000002,229.09708333333333,0
E0734,279720.8,268093.92,10126.77,1500,11655.033333333333,421.94875,1
E0735,222424.75,216496.08000000002,4678.75,1250,9267.697916666666,194.94791666666666,0
E0736,128497.65,120781.92,5715.65,2000,5354.068749999999,238.1520833333333,0
E0737,211313.82,205234.08000000002,5329.85,750,8804.7425,222.07708333333335,0
E0738,123214.44,116034.0,5930.44,1250,5133.935,247.10166666666666,0
E0739,209853.15,202998.0,4855.15,2000,8743.88125,202.29791666666665,0
E0740,190089.38,183636.0,5703.38,750,7920.390833333334,237.64083333333335,0
E0741,162657.75,153781.91999999998,5875.79,3000,6777.40625,244.82458333333332,0
E0742,139076.75,130195.92,6130.67,2750,5794.864583333333,255.44458333333333,0
E0743,106476.36,100675.92,4050.35,1750,4436.515,168.76458333333332,0
E0744,131609.76,124279.92,4579.76,2750,5483.740000000001,190.82333333333335,0
E0745,154401.58,137766.0,12635.58,4000,6433.399166666666,526.4825,1
E0746,138130.22,119464.08,14416.24,4250,5755.425833333334,600.6766666666666,1
E0747,93010.92,86077.92,5182.91,1750,3875.455,215.95458333333332,0
E0748,125992.31,118873.92,4368.31,2750,5249.6795833333335,182.01291666666668,0
E0749,158621.12,152328.0,4293.12,2000,6609.213333333333,178.88,0
E0750,142051.52,135066.0,4235.5199999999995,2750,5918.813333333333,176.48,0
E0751,123452.85,115258.08,6194.87,2000,5143.868750000001,258.1195833333333,0
E0752,98214.77,92713.92,4250.81,1250,4092.2820833333335,177.11708333333334,0
E0753,137863.69,121696.08,11417.73,4750,5744.3204166666665,475.73875,1
E0754,127184.41,118344.0,6590.41,2250,5299.350416666667,274.60041666666666,0
E0755,172274.29,159556.08000000002,11718.27,1000,7178.095416666667,488.26125,1
E0756,203936.21,194137.91999999998,7798.24,2000,8497.342083333333,324.9266666666667,1
E0757,336702.06,329719.92,4732.04,2250,14029.2525,197.16833333333332,0
E0758,122137.81,114186.0,5701.8099999999995,2250,5089.075416666667,237.57541666666665,0
E0759,128956.02,122352.0,4104.02,2500,5373.1675000000005,171.00083333333336,0
E0760,101125.92,86110.08,12015.94,3000,4213.58,500.6641666666667,1
E0761,92315.14,85024.08,6541.2,750,3846.4641666666666,272.55,0
E0762,134309.24,116611.92,15447.25,2250,5596.218333333333,643.6354166666666,1
E0763,158293.75,149176.08000000002,7367.79,1750,6595.572916666667,306.99125,1
E0764,114901.44,100038.0,11863.44,3000,4787.56,494.31,1
E0765,188021.49,178765.91999999998,6005.49,3250,7834.228749999999,250.22875,0
E0766,97441.35,87697.92,7743.31,2000,4060.05625,322.6379166666667,1
E0767,171845.99,165346.08000000002,5499.99,1000,7160.249583333333,229.16625,0
E0768,139652.51,130897.92,5754.54,3000,5818.854583333334,239.7725,0
E0769,114144.83,105013.92,7380.81,1750,4756.034583333333,307.53375,1
E0770,126871.49,118159.92,6211.52,2500,5286.312083333333,258.81333333333333,0
E0771,174153.99,168031.91999999998,4372.0199999999995,1750,7256.416249999999,182.1675,0
E0772,165043.44,158182.08000000002,5611.46,1250,6876.81,233.81083333333333,0
E0773,357519.27999999997,348964.08,5555.29,3000,14896.636666666665,231.47041666666667,0
E0774,160313.08,153072.0,5491.08,1750,6679.711666666666,228.795,0
E0775,116836.0,108978.0,5608.0,2250,4868.166666666667,233.66666666666666,0
E0776,361368.22,351265.92,5852.2,4250,15057.009166666665,243.84166666666667,0
E0777,176370.44,169651.91999999998,5218.46,1500,7348.768333333333,217.43583333333333,0
E0778,123915.34999999999,115032.0,6633.35,2250,5163.139583333333,276.38958333333335,0
E0779,164116.97,156370.08000000002,5246.97,2500,6838.207083333334,218.62375,0
E0780,200303.14,186856.08000000002,11947.119999999999,1500,8345.964166666667,497.7966666666666,1
E0781,154322.97,144732.0,6340.97,3250,6430.12375,264.20708333333334,0
E0782,172806.73,166710.0,5596.73,500,7200.280416666667,233.19708333333332,0
E0783,163502.38,155179.91999999998,6572.39,1750,6812.599166666667,273.8495833333333,0
E0784,164555.68,156058.08000000002,4747.6900000000005,3750,6856.486666666667,197.8204166666667,0
E0785,121077.37,113376.0,6201.37,1500,5044.890416666666,258.3904166666667,0
E0786,158192.09,149646.0,5546.09,3000,6591.337083333333,231.08708333333334,0
E0787,173626.05,162330.0,9546.05,1750,7234.41875,397.7520833333333,1
E0788,105554.03,98221.92,5582.04,1750,4398.084583333333,232.585,0
E0789,113146.68,103867.92,6278.69,3000,4714.445,261.6120833333333,0
E0790,133298.41,122452.08,5596.4800000000005,5250,5554.100416666667,233.1866666666667,0
E0791,128548.08,115386.0,11162.08,2000,5356.17,465.08666666666664,1
E0792,157946.6,149610.0,5086.6,3250,6581.108333333334,211.9416666666667,0
E0793,301150.82,291367.92,6532.84,3250,12547.950833333334,272.20166666666665,0
E0794,182756.5,174946.08000000002,5560.53,2250,7614.854166666667,231.68875,0
E0795,140321.4,133543.91999999998,5277.39,1500,5846.724999999999,219.89125,0
E0796,192460.95,183606.0,5354.95,3500,8019.20625,223.12291666666667,0
E0797,96449.38,90462.0,4987.38,1000,4018.724166666667,207.8075,0
E0798,211133.69,199914.0,6469.69,4750,8797.237083333333,269.57041666666663,0
E0799,115416.77,108294.0,5872.77,1250,4809.0320833333335,244.69875000000002,0
E0800,115359.72,98500.08,12109.72,4750,4806.655,504.57166666666666,1
E0801,119601.39,101089.92,14761.39,3750,4983.39125,615.0579166666666,1
E0802,119102.44,111366.0,6986.4400000000005,750,4962.6016666666665,291.1016666666667,1
E0803,112615.85,105618.0,4747.85,2250,4692.327083333334,197.82708333333335,0
E0804,108946.73,100104.0,6592.73,2250,4539.4470833333335,274.6970833333333,0
E0805,113459.92,106122.0,4587.92,2750,4727.496666666667,191.16333333333333,0
E0806,263118.67,254302.08000000002,5816.67,3000,10963.277916666666,242.36125,0
E0807,139464.96,133080.0,5134.96,1250,5811.04,213.95666666666668,0
E0808,127860.14,119818.08,6542.13,1500,5327.505833333334,272.58875,0
E0809,351870.62,344122.08,4748.62,3000,14661.275833333333,197.85916666666665,0
E0810,118510.94,112216.08,5044.93,1250,4937.955833333333,210.20541666666668,0
E0811,124340.38,113178.0,7412.38,3750,5180.849166666667,308.8491666666667,1
E0812,126101.45999999999,119010.0,6091.46,1000,5254.2275,253.81083333333333,0
E0813,93942.25,88453.92,5238.27,250,3914.2604166666665,218.26125000000002,0
E0814,109540.0,98334.0,9706.0,1500,4564.166666666667,404.4166666666667,1
E0815,95227.48,87960.0,6267.48,1000,3967.8116666666665,261.145,0
E0816,196497.46,190404.0,5343.46,750,8187.394166666666,222.64416666666668,0
E0817,189264.85,181972.08000000002,5792.86,1500,7886.035416666667,241.36916666666664,0
E0818,269234.34,262303.92,5680.34,1250,11218.097500000002,236.68083333333334,0
E0819,158718.86,144694.08000000002,12274.85,1750,6613.285833333332,511.45208333333335,1
E0820,303314.56,297576.0,5238.56,500,12638.106666666667,218.27333333333334,0
E0821,162076.13,154171.91999999998,7154.12,750,6753.172083333334,298.0883333333333,1
E0822,131248.29,116311.92,13436.3,1500,5468.67875,559.8458333333333,1
E0823,104791.11,96577.92,6463.1,1750,4366.29625,269.29583333333335,0
E0824,113270.89,107227.92,5792.87,250,4719.620416666667,241.36958333333334,0
E0825,187596.96,174448.08000000002,10148.98,3000,7816.54,422.87416666666667,1
E0826,105608.95,99937.92,4420.93,1250,4400.372916666666,184.20541666666668,0
E0827,95769.61,89281.92,5737.58,750,3990.400416666667,239.06583333333333,0
E0828,105810.06,90126.0,13434.06,2250,4408.7525,559.7524999999999,1
E0829,154353.93,146220.0,6883.93,1250,6431.41375,286.8304166666667,1
E0830,120927.47,110617.92,5559.45,4750,5038.644583333334,231.64374999999998,0
E0831,158214.24,142758.0,13206.24,2250,6592.259999999999,550.26,1
E0832,240836.76,233419.91999999998,5916.79,1500,10034.865,246.53291666666667,0
E0833,274137.26,265576.08,5311.25,3250,11422.385833333334,221.30208333333334,0
E0834,123128.65,115162.08,5966.64,2000,5130.360416666666,248.61,0
E0835,114386.87,102373.92,10762.869999999999,1250,4766.119583333333,448.4529166666666,1
E0836,160302.09,153127.91999999998,5424.1,1750,6679.25375,226.0041666666667,0
E0837,199700.17,192052.08000000002,5898.150000000001,1750,8320.840416666668,245.75625000000002,0
E0838,165912.63,159448.08000000002,5214.6,1250,6913.02625,217.275,0
E0839,96544.49,89041.92,6002.47,1500,4022.6870833333337,250.1029166666667,0
E0840,108438.63,99757.92,5430.64,3250,4518.27625,226.27666666666667,0
E0841,129356.4,119425.92,5930.400000000001,4000,5389.849999999999,247.10000000000002,0
E0842,125861.01,119170.08,5190.98,1500,5244.20875,216.29083333333332,0
E0843,97208.2,89137.92,5820.14,2250,4050.3416666666667,242.50583333333336,0
E0844,203959.0,197038.08000000002,5671.02,1250,8498.291666666666,236.29250000000002,0
E0845,124237.17,114979.92,8007.18,1250,5176.54875,333.6325,1
E0846,119810.32,109998.0,6062.32,3750,4992.096666666667,252.59666666666666,0
E0847,163615.34,151555.91999999998,11809.32,250,6817.305833333333,492.055,1
E0848,132085.88,124950.0,5385.88,1750,5503.578333333334,224.41166666666666,0
E0849,122161.66,112300.08,5861.66,4000,5090.069166666667,244.23583333333332,0
E0850,352056.86,346594.08,4962.88,500,14669.035833333333,206.78666666666666,0
E0851,308552.35,298714.08,7088.37,2750,12856.347916666666,295.34875,1
E0852,101048.48,88816.08,7982.4800000000005,4250,4210.3533333333335,332.60333333333335,1
E0853,145546.37,134902.08000000002,7644.36,3000,6064.432083333333,318.515,1
E0854,165775.51,158473.91999999998,5301.55,2000,6907.312916666667,220.89791666666667,0
E0855,125617.53,116982.0,5135.53,3500,5234.06375,213.98041666666666,0
E0856,119168.97,113146.08,4273.0,1750,4965.37375,178.04166666666666,0
E0857,171111.84,158682.0,9679.84,2750,7129.66,403.32666666666665,1
E0858,119286.7,113413.92,4872.72,1000,4970.279166666666,203.03,0
E0859,118527.59,110740.08,5287.61,2500,4938.649583333333,220.31708333333333,0
E0860,319833.69,306388.08,12195.68,1250,13326.40375,508.15333333333336,1
E0861,111433.94,105259.92,5423.92,750,4643.080833333333,225.99666666666667,0
E0862,118066.78,103126.08,11940.87,3000,4919.449166666666,497.53625000000005,1
E0863,208621.48,197502.0,9369.48,1750,8692.561666666666,390.395,1
E0864,154926.31,147481.91999999998,5944.29,1500,6455.262916666667,247.67875,0
E0865,185957.18,174949.91999999998,7757.14,3250,7748.215833333333,323.2141666666667,1
E0866,113181.86,103734.0,6697.86,2750,4715.910833333333,279.0775,0
E0867,121163.98,114145.92,4267.95,2750,5048.4991666666665,177.83124999999998,0
E0868,119497.16,111595.92,6151.14,1750,4979.048333333333,256.2975,0
E0869,144979.46,133666.08000000002,10563.460000000001,750,6040.810833333333,440.1441666666667,1
E0870,157042.02,150961.91999999998,5830.02,250,6543.4175,242.91750000000002,0
E0871,169351.99,162814.08000000002,5787.98,750,7056.332916666666,241.16583333333332,0
E0872,177235.01,169966.08000000002,5268.9800000000005,2000,7384.792083333334,219.54083333333335,0
E0873,157072.81,150643.91999999998,6178.84,250,6544.700416666667,257.45166666666665,0
E0874,112369.53,105936.0,4683.53,1750,4682.06375,195.1470833333333,0
E0875,167439.47,158920.08000000002,6519.48,2000,6976.644583333334,271.645,0
E0876,164113.46,155566.08000000002,5547.46,3000,6838.060833333333,231.14416666666668,0
E0877,103993.05,95640.0,5353.05,3000,4333.04375,223.04375000000002,0
E0878,305121.28,298200.0,5421.28,1500,12713.386666666667,225.88666666666666,0
E0879,331861.1,324355.92,5505.12,2000,13827.545833333332,229.38,0
E0880,114454.54000000001,105355.92,5598.59,3500,4768.939166666667,233.27458333333334,0
E0881,140513.88,133920.0,5593.88,1000,5854.745,233.07833333333335,0
E0882,129896.44,119758.08,4888.43,5250,5412.3516666666665,203.68458333333334,0
E0883,91620.88,85762.08,4358.85,1500,3817.536666666667,181.61875,0
E0884,204871.97,196422.0,4949.97,3500,8536.332083333333,206.24875,0
E0885,161268.87,155404.08000000002,5364.89,500,6719.53625,223.53708333333336,0
E0886,148338.12,142722.0,4616.12,1000,6180.755,192.33833333333334,0
E0887,227251.74,221722.08000000002,5029.73,500,9468.8225,209.57208333333332,0
E0888,203917.2,196872.0,5545.2,1500,8496.550000000001,231.04999999999998,0
E0889,190697.41,179430.0,9517.41,1750,7945.725416666667,396.55875,1
E0890,119835.41,110266.08,6319.4,3250,4993.142083333333,263.30833333333334,0
E0891,118255.27,111412.08,6343.24,500,4927.3029166666665,264.3016666666667,0
E0892,163968.23,155982.0,4986.2300000000005,3000,6832.0095833333335,207.75958333333335,0
E0893,197545.31,191821.91999999998,4723.28,1000,8231.054583333333,196.8033333333333,0
E0894,140619.29,126268.08,11851.29,2500,5859.137083333334,493.80375000000004,1
E0895,101799.39,94900.08,5149.360000000001,1750,4241.64125,214.5566666666667,0
E0896,126736.61,110188.08,13298.59,3250,5280.692083333333,554.1079166666667,1
E0897,124637.48999999999,116941.92,5445.46,2250,5193.228749999999,226.89416666666668,0
E0898,107901.4,98548.08,5853.38,3500,4495.891666666666,243.89083333333335,0
E0899,195101.37,186568.08000000002,7283.37,1250,8129.22375,303.47375,1
E0900,105285.39,98484.0,6301.39,500,4386.89125,262.5579166666667,0
E0901,329320.38,320694.0,5126.38,3500,13721.6825,213.59916666666666,0
E0902,164419.89,155248.08000000002,6921.9,2250,6850.828750000001,288.41249999999997,1
E0903,94764.13,85608.0,6406.13,2750,3948.505416666667,266.9220833333333,0
E0904,183923.12,177259.91999999998,5913.09,750,7663.463333333333,246.37875,0
E0905,107996.14,93283.92,11212.15,3500,4499.839166666667,467.17291666666665,1
E0906,187441.57,179839.91999999998,4601.55,3000,7810.065416666667,191.73125000000002,0
E0907,121805.91,115648.08,4407.87,1750,5075.24625,183.66125,0
E0908,124932.81,112714.08,10468.84,1750,5205.53375,436.20166666666665,1
E0909,114735.44,104899.92,7085.44,2750,4780.643333333333,295.22666666666663,1
E0910,170751.5,156580.08000000002,12171.5,2000,7114.645833333333,507.1458333333333,1
E0911,99112.99,91165.92,5196.99,2750,4129.707916666667,216.54125,0
E0912,132289.85,125983.92,5055.83,1250,5512.077083333334,210.65958333333333,0
E0913,128968.53,120493.92,6724.56,1750,5373.68875,280.19,0
E0914,121808.73,114280.08,5278.71,2250,5075.3637499999995,219.94625,0
E0915,169163.69,162088.08000000002,4325.68,2750,7048.487083333333,180.23666666666668,0
E0916,325544.83999999997,316639.92,6404.87,2500,13564.368333333332,266.8695833333333,0
E0917,158321.8,150246.0,6325.8,1750,6596.741666666666,263.575,0
E0918,197388.43,188809.91999999998,5578.44,3000,8224.517916666666,232.43499999999997,0
E0919,111387.46,98076.0,10061.46,3250,4641.144166666667,419.22749999999996,1
E0920,206820.04,198199.91999999998,6870.05,1750,8617.501666666667,286.25208333333336,1
E0921,131223.62,122251.92,3721.58,5250,5467.650833333333,155.06583333333333,0
E0922,148828.82,139986.0,7342.82,1500,6201.200833333333,305.9508333333333,1
E0923,261659.64,254155.91999999998,6003.66,1500,10902.485,250.1525,0
E0924,117576.66,109468.08,5108.62,3000,4899.0275,212.85916666666665,0
E0925,213051.95,204972.0,6329.95,1750,8877.164583333333,263.74791666666664,0
E0926,101881.51,95305.92,4825.5,1750,4245.062916666667,201.0625,0
E0927,235085.13,228985.91999999998,5099.16,1000,9795.21375,212.465,0
E0928,211403.07,201108.0,6295.07,4000,8808.46125,262.2945833333333,0
E0929,166454.69,157723.91999999998,6730.6900000000005,2000,6935.612083333333,280.4454166666667,0
E0930,177045.19,161995.91999999998,12299.18,2750,7376.8829166666665,512.4658333333333,1
E0931,190781.0,183475.91999999998,6304.9800000000005,1000,7949.208333333333,262.70750000000004,0
E0932,99772.83,93034.08,5488.83,1250,4157.20125,228.70125,0
E0933,292517.52,284346.0,6671.52,1500,12188.230000000001,277.98,0
E0934,104979.77,95352.0,7127.7699999999995,2500,4374.1570833333335,296.99041666666665,1
E0935,108690.01000000001,102928.08,5262.01,500,4528.750416666667,219.25041666666667,0
E0936,212478.99,205180.08000000002,6048.99,1250,8853.29125,252.04125,0
E0937,147530.93,133528.08000000002,11752.94,2250,6147.122083333333,489.7058333333334,1
E0938,168012.22,158946.0,6066.22,3000,7000.509166666667,252.7591666666667,0
E0939,151702.33,143124.0,6578.33,2000,6320.930416666666,274.09708333333333,0
E0940,122972.97,116224.08,5248.96,1500,5123.87375,218.70666666666668,0
E0941,189962.37,182026.08000000002,5936.38,2000,7915.09875,247.34916666666666,0
E0942,121317.56,112021.92,5295.56,4000,5054.8983333333335,220.64833333333334,0
E0943,93374.75,86142.0,4482.75,2750,3890.6145833333335,186.78125,0
E0944,112706.62,102918.0,6788.62,3000,4696.109166666666,282.8591666666667,0
E0945,207856.95,198660.0,5196.95,4000,8660.706250000001,216.53958333333333,0
E0946,123474.1,117475.92,4998.0599999999995,1000,5144.754166666667,208.25249999999997,0
E0947,178715.57,167556.0,9659.57,1500,7446.482083333333,402.4820833333333,1
E0948,154594.6,145522.08000000002,6322.66,2750,6441.441666666667,263.44416666666666,0
E0949,147895.41,138924.0,6471.41,2500,6162.30875,269.64208333333335,0
E0950,125023.24,116710.08,5563.25,2750,5209.301666666667,231.80208333333334,0
E0951,139508.58,129510.0,5748.58,4250,5812.857499999999,239.52416666666667,0
E0952,174769.0,167221.91999999998,6296.95,1250,7282.041666666667,262.37291666666664,0
E0953,214449.86000000002,206706.0,5243.86,2500,8935.410833333333,218.49416666666664,0
E0954,365191.79,356680.08,7511.8,1000,15216.324583333333,312.9916666666667,1
E0955,121362.64,112060.08,6302.63,3000,5056.776666666667,262.6095833333333,0
E0956,104721.38,97540.08,4931.38,2250,4363.390833333334,205.47416666666666,0
E0957,345686.71,334720.08,9466.73,1500,14403.612916666667,394.4470833333333,1
E0958,156207.22,149113.91999999998,5593.26,1500,6508.634166666667,233.0525,0
E0959,235263.01,228355.91999999998,5406.9800000000005,1500,9802.625416666668,225.29083333333335,0
E0960,153343.84,143712.0,6381.84,3250,6389.326666666667,265.91,0
E0961,169872.38999999998,158884.08000000002,9738.41,1250,7078.01625,405.76708333333335,1
E0962,143819.68,128173.92,12395.66,3250,5992.486666666667,516.4858333333333,1
E0963,201054.08000000002,195967.91999999998,4336.05,750,8377.253333333334,180.66875000000002,0
E0964,126059.23,119584.08,5225.2,1250,5252.4679166666665,217.71666666666667,0
E0965,168115.52,159901.91999999998,4963.5,3250,7004.813333333333,206.8125,0
E0966,149276.1,142075.91999999998,5450.08,1750,6219.837500000001,227.08666666666667,0
E0967,137622.66,127609.92,6262.65,3750,5734.2775,260.94374999999997,0
E0968,187514.46,179620.08000000002,6644.47,1250,7813.1025,276.85291666666666,0
E0969,126408.78,110400.0,11758.78,4250,5267.0325,489.9491666666667,1
E0970,162086.67,155527.91999999998,5058.6900000000005,1500,6753.611250000001,210.77875000000003,0
E0971,124438.57,115984.08,6954.6,1500,5184.940416666667,289.77500000000003,1
E0972,224282.0,206944.08000000002,15338.01,2000,9345.083333333334,639.08375,1
E0973,210463.54,197902.08000000002,10811.52,1750,8769.314166666667,450.48,1
E0974,159763.33,153523.91999999998,4489.31,1750,6656.805416666666,187.05458333333334,0
E0975,131327.37,119023.92,8803.4,3500,5471.97375,366.80833333333334,1
E0976,106624.8,97882.08,6242.83,2500,4442.7,260.11791666666664,0
E0977,135546.54,128584.08,5462.53,1500,5647.7725,227.60541666666666,0
E0978,284771.55,277116.0,6405.55,1250,11865.481249999999,266.8979166666667,0
E0979,161832.56,154729.91999999998,5602.57,1500,6743.0233333333335,233.44041666666666,0
E0980,127429.7,116524.08,8655.72,2250,5309.570833333333,360.655,1
E0981,108922.95,92142.0,13030.95,3750,4538.45625,542.9562500000001,1
E0982,188136.46,179917.91999999998,5968.47,2250,7839.019166666666,248.68625,0
E0983,164047.44,155125.91999999998,4921.45,4000,6835.31,205.06041666666667,0
E0984,110800.18,103782.0,5768.18,1250,4616.674166666667,240.34083333333334,0
E0985,118561.46,107620.08,8691.46,2250,4940.060833333334,362.14416666666665,1
E0986,100753.36,94846.08,4657.37,1250,4198.056666666666,194.05708333333334,0
E0987,111329.1,104020.08,5809.1,1500,4638.712500000001,242.04583333333335,0
E0988,120448.19,112129.92,5818.21,2500,5018.674583333333,242.42541666666668,0
E0989,99578.08,90235.92,6592.05,2750,4149.086666666667,274.66875,0
E0990,210229.36000000002,200214.0,5265.36,4750,8759.556666666667,219.39,0
E0991,126771.2,118042.08,6229.2,2500,5282.133333333333,259.55,0
E0992,127429.51,110527.92,12401.53,4500,5309.562916666667,516.7304166666667,1
E0993,123895.75,111676.08,9469.78,2750,5162.322916666667,394.5741666666667,1
E0994,163742.12,154639.91999999998,5852.13,3250,6822.588333333333,243.83875,0
E0995,172925.91999999998,157890.0,12785.92,2250,7205.246666666666,532.7466666666667,1
E0996,183983.02,170533.91999999998,12699.02,750,7665.9591666666665,529.1258333333334,1
E0997,143812.28,135082.08000000002,4980.27,3750,5992.178333333333,207.51125000000002,0
E0998,204819.45,194376.0,6943.45,3500,8534.143750000001,289.31041666666664,1
E0999,341873.12,333829.92,5793.09,2250,14244.713333333333,241.37875,0
E1000,105700.85,94753.92,6446.87,4500,4404.202083333334,268.6195833333333,0
